<?xml version="1.0" encoding="utf-8"?>
<!-- The following sample document depicts a fictional characters health summary. Any resemblance to a real person is coincidental. -->
<ClinicalDocument xmlns:xsi="http://www.w3.org/2001/XMLSchema-instance"
	xsi:schemaLocation="urn:hl7-org:v3 ../../C-CDA%20rules/infrastructure/cda/CDA_SDTC.xsd"
	xmlns="urn:hl7-org:v3" xmlns:voc="urn:hl7-org:v3/voc">
	<!-- 
********************************************************
CDA Header
********************************************************
-->
   	<realmCode code="US"/>
	<typeId root="2.16.840.1.113883.1.3" extension="POCD_HD000040"/>
	
	<!-- US General Header Template -->	
	<templateId root="2.16.840.1.113883.10.20.22.1.1"/>
	
	<!-- Continuity of Care Document (CCD) - Patient Health Summary;
		 Conformant to C-CDA Implementation Guide "CDAR2_IG_IHE_CONSOL_DSTU_R1.1_2012JUL.pdf"
		 (DSTU) July 2012CCD v1.0 Templates Root -->
	<templateId root="2.16.840.1.113883.10.20.22.1.2"/>
	<id root="db734647-fc99-424c-a864-7e3cda82e703"/>
	<code code="34133-9" codeSystem="2.16.840.1.113883.6.1" displayName="Summarization of episode note"/>
	<title>Community Health and Hospitals: Health Summary</title>
	<effectiveTime value="20131119014650"/>
	<confidentialityCode code="N" displayName="Normal" codeSystem="2.16.840.1.113883.5.25" codeSystemName="Confidentiality Code"/>
	<languageCode code="en-US"/>
	<setId extension="sTT988" root="2.16.840.1.113883.19.5.99999.19"/>
	<versionNumber value="1"/>
	<recordTarget>
		<patientRole>
			<id extension="998991" root="2.16.840.1.113883.19.5.99999.2"/>
			<!-- Fake ID using HL7 example OID. -->
			<id extension="111-00-2330" root="2.16.840.1.113883.4.1"/>
			<!-- Fake Social Security Number using the actual SSN OID. -->
			<addr use="HP">
				<!-- HP is "primary home" from codeSystem 2.16.840.1.113883.5.1119 -->
				<streetAddressLine>1357 Amber Drive</streetAddressLine>
				<city>Beaverton</city>
				<state>OR</state>
				<postalCode>97867</postalCode>
				<country>US</country>
				<!-- US is "United States" from ISO 3166-1 Country Codes: 1.0.3166.1 -->
			</addr>
			<telecom value="tel:(816)276-6909" use="MC"/>
			<!-- MC is "mobile contact" from HL7 AddressUse 2.16.840.1.113883.5.1119 -->
			<patient>
				<name use="L">
					<given qualifier="BR">Julie</given>
					<family qualifier="AD">Salazar</family>
				</name>
				<administrativeGenderCode code="F" displayName="Female"
					codeSystem="2.16.840.1.113883.5.1" codeSystemName="AdministrativeGender"/>
				<birthTime value="19500113120000"/>
					<maritalStatusCode code="M" displayName="Married" codeSystem="2.16.840.1.113883.5.2" codeSystemName="MaritalStatus"/>
				<religiousAffiliationCode code="1077" displayName="Protestant"
					codeSystem="2.16.840.1.113883.5.1076" codeSystemName="ReligiousAffiliation"/>
				<!-- CDC Race and Ethnicity code set contains the minimum race and ethnicity categories defined by OMB Standards for Race and Ethnicity -->
				<raceCode code="2028-9" displayName="Asian" codeSystem="2.16.840.1.113883.6.238"
					codeSystemName="Race &amp; Ethnicity - CDC"/>
				<ethnicGroupCode code="2186-5" displayName="Not Hispanic or Latino"
					codeSystem="2.16.840.1.113883.6.238" codeSystemName="Race &amp; Ethnicity - CDC"/>				
				<guardian>
					<code code="HPOWATT" displayName="healthcare power of attorney" codeSystem="2.16.840.1.113883.5.111" codeSystemName="HL7 Role code"/>
					<addr use="HP">
						<!-- HP is "primary home" from codeSystem 2.16.840.1.113883.5.1119 -->
						<streetAddressLine>125 Dalmatian Road</streetAddressLine>
						<city>Agram</city>
						<state>VA</state>
						<postalCode>22201</postalCode>
						<country>US</country>
						<!-- US is "United States" from ISO 3166-1 Country Codes: 1.0.3166.1 -->
					</addr>
					<telecom value="tel:(781)555-1212" use="HP"/>
					<guardianPerson>
						<name>
							<given>Daniel</given>
							<family>Spalato</family>
						</name>
					</guardianPerson>
				</guardian>
				<birthplace>
					<place>
						<addr>
							<city>Washington</city>	
							<state>DC</state>
							<postalCode>20009</postalCode>
							<country>USA</country>
						</addr>
					</place>
				</birthplace>
				<languageCommunication>
					<languageCode code="en-US"/>
					<modeCode
					   code="ESP"                   
					   displayName="Expressed spoken"
                       codeSystem="2.16.840.1.113883.5.60"
                       codeSystemName="LanguageAbilityMode"/>
					<preferenceInd value="true"/>
				</languageCommunication>	
			</patient>
			<providerOrganization>
				<id root="2.16.840.1.113883.4.6"/>
				<name>Community Health and Hospitals</name>
				<telecom use="WP" value="tel: 555-555-5000"/>
				<addr>
					<streetAddressLine>1001 Village Avenue</streetAddressLine>
					<city>Portland</city>
					<state>OR</state>
					<postalCode>99123</postalCode>
					<country>US</country>
				</addr>
			</providerOrganization>
		</patientRole>
	</recordTarget>
	<author>
		<time value="20131119014650"/>
		<assignedAuthor>
			<id extension="99999999" root="2.16.840.1.113883.4.6"/>
			<code code="200000000X" codeSystem="2.16.840.1.113883.6.101"
				displayName="Allopathic &amp; Osteopathic Physicians"/>
			<addr>
				<streetAddressLine>1002 Healthcare Drive </streetAddressLine>
				<city>Portland</city>
				<state>OR</state>
				<postalCode>99123</postalCode>
				<country>US</country>
			</addr>
			<telecom use="WP" value="tel:555-555-1002"/>
			<assignedPerson>
				<name>
					<given>Henry</given>
					<family>Seven</family>	
					<suffix>MD</suffix>
				</name>
			</assignedPerson>
		</assignedAuthor>
	</author>
	<dataEnterer>
		<assignedEntity>
			<id root="2.16.840.1.113883.4.6" extension="999999943252"/>
			<code code="207Q00000X" codeSystem="2.16.840.1.113883.6.101"
				displayName="Allopathic &amp; Osteopathic Physicians"/>
			<addr>
				<streetAddressLine>1001 Village Avenue</streetAddressLine>
				<city>Portland</city>
				<state>OR</state>
				<postalCode>99123</postalCode>
				<country>US</country>
			</addr>
			<telecom use="WP" value="tel:555-555-1002"/>
			<assignedPerson>
				<name>
					<given>Henry</given>
					<family>Seven</family>
				</name>
			</assignedPerson>
		</assignedEntity>
	</dataEnterer>
	<informant>
		<assignedEntity>
			<id extension="99999999" root="2.16.840.1.113883.4.6"/>
			<code code="200000000X" codeSystem="2.16.840.1.113883.6.101"
				displayName="Allopathic &amp; Osteopathic Physicians"/>
			<addr>
				<streetAddressLine>1001 Village Avenue</streetAddressLine>
				<city>Portland</city>
				<state>OR</state>
				<postalCode>99123</postalCode>
				<country>US</country>
			</addr>
			<telecom use="WP" value="tel:555-555-1002"/>
			<assignedPerson>
				<name>
					<given>Henry</given>
					<family>Seven</family>
				</name>
			</assignedPerson>
		</assignedEntity>
	</informant>
	<informant>
		<relatedEntity classCode="PRS">
			<!-- classCode PRS represents a person with personal relationship with 
				the patient. -->
			<code code="SPS" displayName="SPOUSE" codeSystem="2.16.840.1.113883.1.11.19563"
				codeSystemName="Personal Relationship Role Type Value Set"/>
			<relatedPerson>
				<name>
					<given>Frank</given>
					<family>Jones</family>
				</name>
			</relatedPerson>
		</relatedEntity>
	</informant>
	<custodian>
		<assignedCustodian>
			<representedCustodianOrganization>
				<id extension="99999999" root="2.16.840.1.113883.4.6"/>
				<name>Community Health and Hospitals</name>
				<telecom value="tel: 555-555-1002" use="WP"/>
				<addr use="WP">
					<streetAddressLine>1002 Healthcare Drive </streetAddressLine>
					<city>Portland</city>
					<state>OR</state>
					<postalCode>99123</postalCode>
					<country>US</country>
				</addr>
			</representedCustodianOrganization>
		</assignedCustodian>
	</custodian>
	<informationRecipient>
		<intendedRecipient>
			<informationRecipient>
				<name>
					<given>Henry</given>
					<family>Seven</family>
				</name>
			</informationRecipient>
			<receivedOrganization>
				<name>Community Health and Hospitals</name>
			</receivedOrganization>
		</intendedRecipient>
	</informationRecipient>
	<legalAuthenticator>
		<time value="20130418090000+0500"/>
		<signatureCode code="S"/>
		<assignedEntity>
			<id extension="999999999" root="2.16.840.1.113883.4.6"/>
			<addr>
				<streetAddressLine>1001 Village Avenue</streetAddressLine>
				<city>Portland</city>
				<state>OR</state>
				<postalCode>99123</postalCode>
				<country>US</country>
			</addr>
			<telecom use="WP" value="tel:555-555-1002"/>
			<assignedPerson>
				<name>
					<given>Henry</given>
					<family>Seven</family>
				</name>
			</assignedPerson>
		</assignedEntity>
	</legalAuthenticator>
	<authenticator>
		<time value="20131119014650"/>
		<signatureCode code="S"/>
		<assignedEntity>
			<id extension="999999999" root="2.16.840.1.113883.4.6"/>
			<addr>
				<streetAddressLine>1001 Village Avenue</streetAddressLine>
				<city>Portland</city>
				<state>OR</state>
				<postalCode>99123</postalCode>
				<country>US</country>
			</addr>
			<telecom use="WP" value="tel:555-555-1002"/>
			<assignedPerson>
				<name>
					<given>Henry</given>
					<family>Seven</family>
				</name>
			</assignedPerson>
		</assignedEntity>
	</authenticator>
	<participant typeCode="IND">
		<associatedEntity classCode="NOK">
			<code code="MTH" codeSystem="2.16.840.1.113883.5.111"/>
			<addr>
				<streetAddressLine>17 Daws Rd.</streetAddressLine>
				<city>Beaverton</city>
				<state>OR</state>
				<postalCode>97867</postalCode>
				<country>US</country>
			</addr>
			<telecom value="tel:(999)555-1212" use="WP"/>
			<associatedPerson>
				<name>
					<prefix>Mrs.</prefix>
					<given>Martha</given>
					<family>Jones</family>
				</name>
			</associatedPerson>
		</associatedEntity>
	</participant>
	<documentationOf>
		<serviceEvent classCode="PCPR">
			<effectiveTime>
				<low value="20091202100000"/>
				<high value="20101122100000"/>
			</effectiveTime>
			<performer typeCode="PRF">
				<functionCode code="PCP" displayName="Primary Care Physician"
					codeSystem="2.16.840.1.113883.5.88" codeSystemName="participationFunction">
					<originalText>Primary Care Provider</originalText>
				</functionCode>
				<assignedEntity>
					<!-- Provider NPI "PseudoMD-1" -->
					<id extension="PseudoMD-1" root="2.16.840.1.113883.4.6"/>
					<code code="261QP2300X" displayName="Primary Care [Ambulatory Health Care Facilities\Clinic/Center]"
						codeSystemName="NUCC Provider Codes" codeSystem="2.16.840.1.113883.6.101"/>
					<addr>
						<streetAddressLine>1001 Village Avenue</streetAddressLine>
						<city>Portland</city>
						<state>OR</state>
						<postalCode>99123</postalCode>
						<country>US</country>
					</addr>
					<telecom value="tel:+1-555-555-5000" use="HP"/>
					<assignedPerson>
						<name>
							<given>Henry</given>
							<family>Seven</family>			
							<suffix>MD</suffix>
						</name>
					</assignedPerson>
					<representedOrganization>
						<id root="2.16.840.1.113883.19.5.9999.1393"/>
						<name>Community Health and Hospitals</name>
						<telecom value="tel:+1-555-555-5000" use="HP"/>
						<addr>
							<streetAddressLine>1001 Village Avenue</streetAddressLine>
							<city>Portland</city>
							<state>OR</state>
							<postalCode>99123</postalCode>
							<country>US</country>
						</addr>
					</representedOrganization>
				</assignedEntity>
			</performer>
		</serviceEvent>
	</documentationOf>
	<!-- 
********************************************************
CDA Body
********************************************************
-->
	<component>
		<structuredBody>
			<!-- 
*********************************
Allergies, Adverse Reactions, Alerts
****************************** 
-->
			<component>
				<section>
					<templateId root="2.16.840.1.113883.10.20.22.2.6.1"/>
					<code code="48765-2" displayName="Allergies, adverse reactions, alerts"
						codeSystem="2.16.840.1.113883.6.1" codeSystemName="LOINC"/>
					<title>Allergies,  Adverse Reactions &amp; Alerts</title>
					<text>

			<table>
				<thead>
					<tr>
						<th>Group Description</th>
						<th>Code System</th>
						<th>Code</th>
						<th>Code Description</th>
						<th>Date and Time</th>
						<th>Status</th>
					</tr>
				</thead>
				<tbody>
											<tr>
							<td>Allergy to Eggs</td>
							<td>UNII</td>
							<td>291P45F896</td>
							<td><content ID="Allergy1"/>Eggs</td>
							<td>12-02-2009 10:00:00</td>
							<td>Active</td>
						</tr>
							<tr>
								<td/>
								<td>ICD-9-CM</td>
								<td>V15.03</td>
								<td>Allergy to eggs</td>
								<td/>
								<td/>
							</tr>
						<tr>
							<td>Fosfomycin</td>
							<td>RxNorm</td>
							<td>808917</td>
							<td><content ID="Allergy2"/>Fosfomycin 33.3 MG/ML Oral Suspension</td>
							<td>12-02-2009 10:00:00</td>
							<td>Active</td>
						</tr>
						<tr>
							<td>Tetracyclines</td>
							<td>RxNorm</td>
							<td>406524</td>
							<td><content ID="Allergy3"/>Doxycycline 75 MG Enteric Coated Tablet</td>
							<td>12-02-2009 10:00:00</td>
							<td>Active</td>
						</tr>
							<tr>
								<td/>
								<td>NDF-RT</td>
								<td>N0000006275</td>
								<td>Tetracycline</td>
								<td/>
								<td/>
							</tr>
				</tbody>
			</table>					</text>
						<entry typeCode="DRIV">
							<!-- Allergy Problem Act template -->
							<act classCode="ACT" moodCode="EVN">
								<templateId root="2.16.840.1.113883.10.20.22.4.30"/>
								<id root="36e3e930-7b14-11db-9fe1-0800200c9a66"/>
								<code xsi:type="CE" code="48765-2" codeSystem="2.16.840.1.113883.6.1" codeSystemName="LOINC"
									displayName="Allergies, adverse reactions, alerts"/>
								<statusCode code="active"/>
								<effectiveTime>
									<low value="20091202100000"/>
								</effectiveTime>
								<entryRelationship typeCode="SUBJ" inversionInd="true">
									<!--Allergy - Intolerance Observation -->
								    <observation classCode="OBS" moodCode="EVN">
								        <templateId root="2.16.840.1.113883.10.20.22.4.7"/>
                           				<id root="4adc1020-7b14-11db-9fe1-0800200c9a66"/>
									    <code code="ASSERTION" codeSystem="2.16.840.1.113883.5.4"/>
									    <statusCode code="completed"/>
									    <effectiveTime>
									    <low nullFlavor="UNK"/>
									    </effectiveTime>
<!-- The following XML tag, <value>, states whether patient is allergic to DRUG, FOOD or SUBSTANCE.
In EMERGE db, patients have records with allergies to:
(a) DRUG (in EMERGE db, encoded in RxNorm or NDF-RT)
(b) FOOD (in EMERGE db 'Eggs', encoded in UNII) and
CCDA impementation guide distinguishes between "allergy" amd "propensity to allergy". In EMERGE, all patients have "allergy".
Depending on allergen, appropriate value must be selected from Table 117: Allergy/Adverse Event Type Value Set (See CCDA Implementation Guide, pg 311)
    (1) If EMERGE patient has allergy to DRUG (RxNorm or NDF-RT), then the code is:
        <value code="416098002" displayName="Drug allergy (disorder)" codeSystem="2.16.840.1.113883.6.96" codeSystemName="SNOMED-CT"/>
(2) If EMERGE patient has allergy to FOOD (e.g. Eggs, UNII), then the code is:
    <value code="414285001" displayName="Food allergy (disorder)" codeSystem="2.16.840.1.113883.6.96" codeSystemName="SNOMED-CT"/>
-->
								    		<value xsi:type="CD" code="414285001" displayName="Food allergy (disorder)"
								    			codeSystem="2.16.840.1.113883.6.96" codeSystemName="SNOMED-CT">
								    		<originalText>
								    			Allergy to Eggs + Eggs
								    			<reference value="#Allergy1"/>
								    		</originalText>
								    	</value>
								    	<participant typeCode="CSM">
								    		<participantRole classCode="MANU">
								    			<playingEntity classCode="MMAT">
<!-- 
This section displays the ACTUAL name of drug/ingredient/food to which person is allergic to.
Please note that FOUR (4) different values sets for documenting Allergies: Brand Names, Clinical Drug Names, Medication Drug Class, and Ingredient name,
encoded in RxNorm, RxNorm, NDF-RT and UNII respectively.
-->
			                                		<code code="291P45F896"
			                                      		displayName="Eggs"
				                                      	codeSystem="2.16.840.1.113883.4.9"
				                                        codeSystemName="UNII">
								    					<originalText>
								    						Allergy to Eggs + Eggs
								    						<reference value="#Allergy1"/>
								    					</originalText>
<!-- <translation> XML tag, if it exist should be placed HERE. In EMERGE db,
	 Only alergy to "eggs" will contain <translation> xml code with ICD-9 codes system:
		<translation code="V15.03" codeSystem="2.16.840.1.113883.6.2"
			displayName="Allergy to Eggs" codeSystemName="ICD-9-CM"/>
	NOTE: <translation> code can also be used for other codes, such as LOCAL (e..g local hospital) codes.
-->	
															<translation code="V15.03" codeSystem="2.16.840.1.113883.6.2"
																displayName="Allergy to eggs" codeSystemName="ICD-9-CM"/>
													</code>
								    			</playingEntity>
								    		</participantRole>
								    	</participant>
<!-- In reality, severity should be documented for allergy.
	 In EMERGE db, severity information for allergy is not documented for any patient. -->
								    	<entryRelationship typeCode="SUBJ" inversionInd="true">
								    		<!-- ** Severity observation template ** -->
								    		<observation classCode="OBS" moodCode="EVN">
								    			<templateId root="2.16.840.1.113883.10.20.22.4.8"/>
								    			<code code="SEV" displayName="Severity Observation"
								    				codeSystem="2.16.840.1.113883.5.4" codeSystemName="ActCode"/>
								    			<text>
								    				<reference value="#severity1"/>
								    			</text>
								    			<statusCode code="completed"/>
								    			<value xsi:type="CD" nullFlavor="NI" />
								    		</observation>
								    	</entryRelationship>
							        </observation>
							    </entryRelationship>
							</act>
						</entry>
						<entry typeCode="DRIV">
							<!-- Allergy Problem Act template -->
							<act classCode="ACT" moodCode="EVN">
								<templateId root="2.16.840.1.113883.10.20.22.4.30"/>
								<id root="36e3e930-7b14-11db-9fe1-0800200c9a66"/>
								<code xsi:type="CE" code="48765-2" codeSystem="2.16.840.1.113883.6.1" codeSystemName="LOINC"
									displayName="Allergies, adverse reactions, alerts"/>
								<statusCode code="active"/>
								<effectiveTime>
									<low value="20091202100000"/>
								</effectiveTime>
								<entryRelationship typeCode="SUBJ" inversionInd="true">
									<!--Allergy - Intolerance Observation -->
								    <observation classCode="OBS" moodCode="EVN">
								        <templateId root="2.16.840.1.113883.10.20.22.4.7"/>
                           				<id root="4adc1020-7b14-11db-9fe1-0800200c9a66"/>
									    <code code="ASSERTION" codeSystem="2.16.840.1.113883.5.4"/>
									    <statusCode code="completed"/>
									    <effectiveTime>
									    <low nullFlavor="UNK"/>
									    </effectiveTime>
<!-- The following XML tag, <value>, states whether patient is allergic to DRUG, FOOD or SUBSTANCE.
In EMERGE db, patients have records with allergies to:
(a) DRUG (in EMERGE db, encoded in RxNorm or NDF-RT)
(b) FOOD (in EMERGE db 'Eggs', encoded in UNII) and
CCDA impementation guide distinguishes between "allergy" amd "propensity to allergy". In EMERGE, all patients have "allergy".
Depending on allergen, appropriate value must be selected from Table 117: Allergy/Adverse Event Type Value Set (See CCDA Implementation Guide, pg 311)
    (1) If EMERGE patient has allergy to DRUG (RxNorm or NDF-RT), then the code is:
        <value code="416098002" displayName="Drug allergy (disorder)" codeSystem="2.16.840.1.113883.6.96" codeSystemName="SNOMED-CT"/>
(2) If EMERGE patient has allergy to FOOD (e.g. Eggs, UNII), then the code is:
    <value code="414285001" displayName="Food allergy (disorder)" codeSystem="2.16.840.1.113883.6.96" codeSystemName="SNOMED-CT"/>
-->
									    	<value xsi:type="CD" code="416098002" displayName="Drug allergy (disorder)"
									    		codeSystem="2.16.840.1.113883.6.96" codeSystemName="SNOMED-CT">
								    		<originalText>
								    			Fosfomycin + Fosfomycin 33.3 MG/ML Oral Suspension
								    			<reference value="#Allergy1"/>
								    		</originalText>
								    	</value>
								    	<participant typeCode="CSM">
								    		<participantRole classCode="MANU">
								    			<playingEntity classCode="MMAT">
<!-- 
This section displays the ACTUAL name of drug/ingredient/food to which person is allergic to.
Please note that FOUR (4) different values sets for documenting Allergies: Brand Names, Clinical Drug Names, Medication Drug Class, and Ingredient name,
encoded in RxNorm, RxNorm, NDF-RT and UNII respectively.
-->
			                                		<code code="808917"
			                                      		displayName="Fosfomycin 33.3 MG/ML Oral Suspension"
				                                      	codeSystem="2.16.840.1.113883.6.88"
				                                        codeSystemName="RxNorm">
								    					<originalText>
								    						Fosfomycin + Fosfomycin 33.3 MG/ML Oral Suspension
								    						<reference value="#Allergy2"/>
								    					</originalText>
<!-- <translation> XML tag, if it exist should be placed HERE. In EMERGE db,
	 Only alergy to "eggs" will contain <translation> xml code with ICD-9 codes system:
		<translation code="V15.03" codeSystem="2.16.840.1.113883.6.2"
			displayName="Allergy to Eggs" codeSystemName="ICD-9-CM"/>
	NOTE: <translation> code can also be used for other codes, such as LOCAL (e..g local hospital) codes.
-->	
													</code>
								    			</playingEntity>
								    		</participantRole>
								    	</participant>
<!-- In reality, severity should be documented for allergy.
	 In EMERGE db, severity information for allergy is not documented for any patient. -->
								    	<entryRelationship typeCode="SUBJ" inversionInd="true">
								    		<!-- ** Severity observation template ** -->
								    		<observation classCode="OBS" moodCode="EVN">
								    			<templateId root="2.16.840.1.113883.10.20.22.4.8"/>
								    			<code code="SEV" displayName="Severity Observation"
								    				codeSystem="2.16.840.1.113883.5.4" codeSystemName="ActCode"/>
								    			<text>
								    				<reference value="#severity2"/>
								    			</text>
								    			<statusCode code="completed"/>
								    			<value xsi:type="CD" nullFlavor="NI" />
								    		</observation>
								    	</entryRelationship>
							        </observation>
							    </entryRelationship>
							</act>
						</entry>
						<entry typeCode="DRIV">
							<!-- Allergy Problem Act template -->
							<act classCode="ACT" moodCode="EVN">
								<templateId root="2.16.840.1.113883.10.20.22.4.30"/>
								<id root="36e3e930-7b14-11db-9fe1-0800200c9a66"/>
								<code xsi:type="CE" code="48765-2" codeSystem="2.16.840.1.113883.6.1" codeSystemName="LOINC"
									displayName="Allergies, adverse reactions, alerts"/>
								<statusCode code="active"/>
								<effectiveTime>
									<low value="20091202100000"/>
								</effectiveTime>
								<entryRelationship typeCode="SUBJ" inversionInd="true">
									<!--Allergy - Intolerance Observation -->
								    <observation classCode="OBS" moodCode="EVN">
								        <templateId root="2.16.840.1.113883.10.20.22.4.7"/>
                           				<id root="4adc1020-7b14-11db-9fe1-0800200c9a66"/>
									    <code code="ASSERTION" codeSystem="2.16.840.1.113883.5.4"/>
									    <statusCode code="completed"/>
									    <effectiveTime>
									    <low nullFlavor="UNK"/>
									    </effectiveTime>
<!-- The following XML tag, <value>, states whether patient is allergic to DRUG, FOOD or SUBSTANCE.
In EMERGE db, patients have records with allergies to:
(a) DRUG (in EMERGE db, encoded in RxNorm or NDF-RT)
(b) FOOD (in EMERGE db 'Eggs', encoded in UNII) and
CCDA impementation guide distinguishes between "allergy" amd "propensity to allergy". In EMERGE, all patients have "allergy".
Depending on allergen, appropriate value must be selected from Table 117: Allergy/Adverse Event Type Value Set (See CCDA Implementation Guide, pg 311)
    (1) If EMERGE patient has allergy to DRUG (RxNorm or NDF-RT), then the code is:
        <value code="416098002" displayName="Drug allergy (disorder)" codeSystem="2.16.840.1.113883.6.96" codeSystemName="SNOMED-CT"/>
(2) If EMERGE patient has allergy to FOOD (e.g. Eggs, UNII), then the code is:
    <value code="414285001" displayName="Food allergy (disorder)" codeSystem="2.16.840.1.113883.6.96" codeSystemName="SNOMED-CT"/>
-->
									    	<value xsi:type="CD" code="416098002" displayName="Drug allergy (disorder)"
									    		codeSystem="2.16.840.1.113883.6.96" codeSystemName="SNOMED-CT">
								    		<originalText>
								    			Tetracyclines + Doxycycline 75 MG Enteric Coated Tablet
								    			<reference value="#Allergy1"/>
								    		</originalText>
								    	</value>
								    	<participant typeCode="CSM">
								    		<participantRole classCode="MANU">
								    			<playingEntity classCode="MMAT">
<!-- 
This section displays the ACTUAL name of drug/ingredient/food to which person is allergic to.
Please note that FOUR (4) different values sets for documenting Allergies: Brand Names, Clinical Drug Names, Medication Drug Class, and Ingredient name,
encoded in RxNorm, RxNorm, NDF-RT and UNII respectively.
-->
			                                		<code code="406524"
			                                      		displayName="Doxycycline 75 MG Enteric Coated Tablet"
				                                      	codeSystem="2.16.840.1.113883.6.88"
				                                        codeSystemName="RxNorm">
								    					<originalText>
								    						Tetracyclines + Doxycycline 75 MG Enteric Coated Tablet
								    						<reference value="#Allergy3"/>
								    					</originalText>
<!-- <translation> XML tag, if it exist should be placed HERE. In EMERGE db,
	 Only alergy to "eggs" will contain <translation> xml code with ICD-9 codes system:
		<translation code="V15.03" codeSystem="2.16.840.1.113883.6.2"
			displayName="Allergy to Eggs" codeSystemName="ICD-9-CM"/>
	NOTE: <translation> code can also be used for other codes, such as LOCAL (e..g local hospital) codes.
-->	
															<translation code="N0000006275" codeSystem="2.16.840.1.113883.3.26.1.5"
																displayName="Tetracycline" codeSystemName="NDF-RT"/>
													</code>
								    			</playingEntity>
								    		</participantRole>
								    	</participant>
<!-- In reality, severity should be documented for allergy.
	 In EMERGE db, severity information for allergy is not documented for any patient. -->
								    	<entryRelationship typeCode="SUBJ" inversionInd="true">
								    		<!-- ** Severity observation template ** -->
								    		<observation classCode="OBS" moodCode="EVN">
								    			<templateId root="2.16.840.1.113883.10.20.22.4.8"/>
								    			<code code="SEV" displayName="Severity Observation"
								    				codeSystem="2.16.840.1.113883.5.4" codeSystemName="ActCode"/>
								    			<text>
								    				<reference value="#severity3"/>
								    			</text>
								    			<statusCode code="completed"/>
								    			<value xsi:type="CD" nullFlavor="NI" />
								    		</observation>
								    	</entryRelationship>
							        </observation>
							    </entryRelationship>
							</act>
						</entry>
				</section>
			</component>
			<!-- 
********************************************************
Encounters section
********************************************************
-->
			<component>
				<section>
					<templateId root="2.16.840.1.113883.10.20.22.2.22"/>
					<!-- Encounters section template -->
					<code
						code="46240-8"
						codeSystem="2.16.840.1.113883.6.1" 
                  		codeSystemName="LOINC"
                  		displayName="History of encounters"/>
					<title>Encounters</title>
					<text>

			<table>
				<thead>
					<tr>
						<th>Group Description</th>
						<th>Code System</th>
						<th>Code</th>
						<th>Code Description</th>
						<th>Date and Time</th>
						<th>Status</th>
					</tr>
				</thead>
				<tbody>
											<tr>
							<td>Encounter Acute Inpt</td>
							<td>CPT</td>
							<td>99251</td>
							<td><content ID="Encounter1"/>Initial inpatient consult</td>
							<td>12-02-2009 10:00:00</td>
							<td>Performed</td>
						</tr>
						<tr>
							<td>Encounter Inpatient Discharge</td>
							<td>CPT</td>
							<td>99238</td>
							<td><content ID="Encounter2"/>Hospital discharge day</td>
							<td>12-05-2009 10:00:00</td>
							<td>Performed</td>
						</tr>
						<tr>
							<td>Encounter Office Visit</td>
							<td>CPT</td>
							<td>99212</td>
							<td><content ID="Encounter3"/>Office/outpatient visit, est</td>
							<td>03-31-2010 10:00:00</td>
							<td>Performed</td>
						</tr>
						<tr>
							<td>Encounter Outpatient</td>
							<td>CPT</td>
							<td>99213</td>
							<td><content ID="Encounter4"/>Office/outpatient visit, est</td>
							<td>05-22-2010 10:00:00</td>
							<td>Performed</td>
						</tr>
							<tr>
								<td/>
								<td>ICD-9-CM</td>
								<td>V70.0</td>
								<td>Routine general medical examination at a health care facility</td>
								<td/>
								<td/>
							</tr>
						<tr>
							<td>Encounter Acute Inpt</td>
							<td>CPT</td>
							<td>99251</td>
							<td><content ID="Encounter5"/>Initial inpatient consult</td>
							<td>07-08-2010 10:00:00</td>
							<td>Performed</td>
						</tr>
						<tr>
							<td>Encounter Inpatient Discharge</td>
							<td>CPT</td>
							<td>99238</td>
							<td><content ID="Encounter6"/>Hospital discharge day</td>
							<td>07-10-2010 10:00:00</td>
							<td>Performed</td>
						</tr>
						<tr>
							<td>Encounter Office Visit</td>
							<td>CPT</td>
							<td>99212</td>
							<td><content ID="Encounter7"/>Office/outpatient visit, est</td>
							<td>09-06-2010 10:00:00</td>
							<td>Performed</td>
						</tr>
						<tr>
							<td>Encounter Outpatient</td>
							<td>CPT</td>
							<td>99213</td>
							<td><content ID="Encounter8"/>Office/outpatient visit, est</td>
							<td>11-22-2010 10:00:00</td>
							<td>Performed</td>
						</tr>
							<tr>
								<td/>
								<td>ICD-9-CM</td>
								<td>V70.0</td>
								<td>Routine general medical examination at a health care facility</td>
								<td/>
								<td/>
							</tr>
				</tbody>
			</table>					</text>
						<entry typeCode="DRIV">
							<encounter classCode="ENC" moodCode="EVN">
								<templateId root="2.16.840.1.113883.10.20.22.4.49"/>
								<!-- Encounter activity template -->
								<id root="2a620155-9d11-439e-92b3-5d9815ff4de8"/>
								<code code="99251" codeSystem="2.16.840.1.113883.6.12"
									displayName="Initial inpatient consult"
									codeSystemName="CPT">
									<originalText>
										Encounter Acute Inpt + Encounter Acute Inpt
										<reference value="#Encounter1"/>
									</originalText>
								</code>
								<statusCode code="completed"/>
								<effectiveTime value="20091202100000"/>
				                    <entryRelationship typeCode="RSON">
				                        <observation classCode="OBS" moodCode="EVN">
					                        <templateId root="2.16.840.1.113883.10.20.22.4.19"/>
					                        <id root="db734647-fc99-424c-a864-7e3cda82e703" extension="45665"/>
					                        <code code="404684003" displayName="Finding" codeSystem="2.16.840.1.113883.6.96" codeSystemName="SNOMED CT"/>
											<text>
	                            				<reference value="#Problem1"/> 
	                            			</text>
					                        <statusCode code="completed"/>
					                        <effectiveTime>
					                            <low value="20091202100000"/>
					                        </effectiveTime>
					                        <value xsi:type="CD" code="52674009"
					                        	displayName="ischemic vascular disease"
					                        	codeSystem="2.16.840.1.113883.6.96"
					                        	codeSystemName="SNOMED-CT">
													<translation code="I24" codeSystem="2.16.840.1.113883.6.90"
														displayName="Other acute ischemic heart diseases" codeSystemName="ICD-10-CM"/>
													<translation code="411.89" codeSystem="2.16.840.1.113883.6.2"
														displayName="Other acute and subacute forms of ischemic heart disease, other" codeSystemName="ICD-9-CM"/>
					                        </value>
				                        </observation>
				                    </entryRelationship>
							</encounter>
						</entry>
						<entry typeCode="DRIV">
							<encounter classCode="ENC" moodCode="EVN">
								<templateId root="2.16.840.1.113883.10.20.22.4.49"/>
								<!-- Encounter activity template -->
								<id root="2a620155-9d11-439e-92b3-5d9815ff4de8"/>
								<code code="99238" codeSystem="2.16.840.1.113883.6.12"
									displayName="Hospital discharge day"
									codeSystemName="CPT">
									<originalText>
										Encounter Inpatient Discharge + Encounter Inpatient Discharge
										<reference value="#Encounter2"/>
									</originalText>
								</code>
								<statusCode code="completed"/>
								<effectiveTime value="20091205100000"/>
							</encounter>
						</entry>
						<entry typeCode="DRIV">
							<encounter classCode="ENC" moodCode="EVN">
								<templateId root="2.16.840.1.113883.10.20.22.4.49"/>
								<!-- Encounter activity template -->
								<id root="2a620155-9d11-439e-92b3-5d9815ff4de8"/>
								<code code="99212" codeSystem="2.16.840.1.113883.6.12"
									displayName="Office/outpatient visit, est"
									codeSystemName="CPT">
									<originalText>
										Encounter Office Visit + Encounter Office Visit
										<reference value="#Encounter3"/>
									</originalText>
								</code>
								<statusCode code="completed"/>
								<effectiveTime value="20100331100000"/>
							</encounter>
						</entry>
						<entry typeCode="DRIV">
							<encounter classCode="ENC" moodCode="EVN">
								<templateId root="2.16.840.1.113883.10.20.22.4.49"/>
								<!-- Encounter activity template -->
								<id root="2a620155-9d11-439e-92b3-5d9815ff4de8"/>
								<code code="99213" codeSystem="2.16.840.1.113883.6.12"
									displayName="Office/outpatient visit, est"
									codeSystemName="CPT">
									<originalText>
										Encounter Outpatient + Encounter Outpatient
										<reference value="#Encounter4"/>
									</originalText>
										<translation code="V70.0" codeSystem="2.16.840.1.113883.6.2"
											displayName="Routine general medical examination at a health care facility" codeSystemName="ICD-9-CM"/>
								</code>
								<statusCode code="completed"/>
								<effectiveTime value="20100522100000"/>
							</encounter>
						</entry>
						<entry typeCode="DRIV">
							<encounter classCode="ENC" moodCode="EVN">
								<templateId root="2.16.840.1.113883.10.20.22.4.49"/>
								<!-- Encounter activity template -->
								<id root="2a620155-9d11-439e-92b3-5d9815ff4de8"/>
								<code code="99251" codeSystem="2.16.840.1.113883.6.12"
									displayName="Initial inpatient consult"
									codeSystemName="CPT">
									<originalText>
										Encounter Acute Inpt + Encounter Acute Inpt
										<reference value="#Encounter5"/>
									</originalText>
								</code>
								<statusCode code="completed"/>
								<effectiveTime value="20100708100000"/>
							</encounter>
						</entry>
						<entry typeCode="DRIV">
							<encounter classCode="ENC" moodCode="EVN">
								<templateId root="2.16.840.1.113883.10.20.22.4.49"/>
								<!-- Encounter activity template -->
								<id root="2a620155-9d11-439e-92b3-5d9815ff4de8"/>
								<code code="99238" codeSystem="2.16.840.1.113883.6.12"
									displayName="Hospital discharge day"
									codeSystemName="CPT">
									<originalText>
										Encounter Inpatient Discharge + Encounter Inpatient Discharge
										<reference value="#Encounter6"/>
									</originalText>
								</code>
								<statusCode code="completed"/>
								<effectiveTime value="20100710100000"/>
				                    <entryRelationship typeCode="RSON">
				                        <observation classCode="OBS" moodCode="EVN">
					                        <templateId root="2.16.840.1.113883.10.20.22.4.19"/>
					                        <id root="db734647-fc99-424c-a864-7e3cda82e703" extension="45665"/>
					                        <code code="404684003" displayName="Finding" codeSystem="2.16.840.1.113883.6.96" codeSystemName="SNOMED CT"/>
											<text>
	                            				<reference value="#Problem1"/> 
	                            			</text>
					                        <statusCode code="completed"/>
					                        <effectiveTime>
					                            <low value="20100710100000"/>
					                        </effectiveTime>
					                        <value xsi:type="CD" code="188161004"
					                        	displayName="Breast Cancer"
					                        	codeSystem="2.16.840.1.113883.6.96"
					                        	codeSystemName="SNOMED-CT">
													<translation code="C50" codeSystem="2.16.840.1.113883.6.90"
														displayName="Malignant neoplasm of breast" codeSystemName="ICD-10-CM"/>
													<translation code="174.9" codeSystem="2.16.840.1.113883.6.2"
														displayName="Malignant neoplasm of breast (female), unspecified" codeSystemName="ICD-9-CM"/>
					                        </value>
				                        </observation>
				                    </entryRelationship>
				                    <entryRelationship typeCode="RSON">
				                        <observation classCode="OBS" moodCode="EVN">
					                        <templateId root="2.16.840.1.113883.10.20.22.4.19"/>
					                        <id root="db734647-fc99-424c-a864-7e3cda82e703" extension="45665"/>
					                        <code code="404684003" displayName="Finding" codeSystem="2.16.840.1.113883.6.96" codeSystemName="SNOMED CT"/>
											<text>
	                            				<reference value="#Problem2"/> 
	                            			</text>
					                        <statusCode code="completed"/>
					                        <effectiveTime>
					                            <low value="20100710100000"/>
					                        </effectiveTime>
					                        <value xsi:type="CD" code="417742002"
					                        	displayName="Breast Cancer ER or PR Positive"
					                        	codeSystem="2.16.840.1.113883.6.96"
					                        	codeSystemName="SNOMED-CT">
					                        </value>
				                        </observation>
				                    </entryRelationship>
				                    <entryRelationship typeCode="RSON">
				                        <observation classCode="OBS" moodCode="EVN">
					                        <templateId root="2.16.840.1.113883.10.20.22.4.19"/>
					                        <id root="db734647-fc99-424c-a864-7e3cda82e703" extension="45665"/>
					                        <code code="404684003" displayName="Finding" codeSystem="2.16.840.1.113883.6.96" codeSystemName="SNOMED CT"/>
											<text>
	                            				<reference value="#Problem3"/> 
	                            			</text>
					                        <statusCode code="completed"/>
					                        <effectiveTime>
					                            <low value="20100710100000"/>
					                        </effectiveTime>
					                        <value xsi:type="CD" code="261653007"
					                        	displayName="Breast Cancer Stage IC-IIIC"
					                        	codeSystem="2.16.840.1.113883.6.96"
					                        	codeSystemName="SNOMED-CT">
					                        </value>
				                        </observation>
				                    </entryRelationship>
							</encounter>
						</entry>
						<entry typeCode="DRIV">
							<encounter classCode="ENC" moodCode="EVN">
								<templateId root="2.16.840.1.113883.10.20.22.4.49"/>
								<!-- Encounter activity template -->
								<id root="2a620155-9d11-439e-92b3-5d9815ff4de8"/>
								<code code="99212" codeSystem="2.16.840.1.113883.6.12"
									displayName="Office/outpatient visit, est"
									codeSystemName="CPT">
									<originalText>
										Encounter Office Visit + Encounter Office Visit
										<reference value="#Encounter7"/>
									</originalText>
								</code>
								<statusCode code="completed"/>
								<effectiveTime value="20100906100000"/>
							</encounter>
						</entry>
						<entry typeCode="DRIV">
							<encounter classCode="ENC" moodCode="EVN">
								<templateId root="2.16.840.1.113883.10.20.22.4.49"/>
								<!-- Encounter activity template -->
								<id root="2a620155-9d11-439e-92b3-5d9815ff4de8"/>
								<code code="99213" codeSystem="2.16.840.1.113883.6.12"
									displayName="Office/outpatient visit, est"
									codeSystemName="CPT">
									<originalText>
										Encounter Outpatient + Encounter Outpatient
										<reference value="#Encounter8"/>
									</originalText>
										<translation code="V70.0" codeSystem="2.16.840.1.113883.6.2"
											displayName="Routine general medical examination at a health care facility" codeSystemName="ICD-9-CM"/>
								</code>
								<statusCode code="completed"/>
								<effectiveTime value="20101122100000"/>
							</encounter>
						</entry>
				</section>
			</component>
			<!-- 
********************************************************
Immunizations section
********************************************************
-->
			<component>
				<section>
					<templateId root="2.16.840.1.113883.10.20.22.2.2"/>
					<!-- Immunizations section template -->
					<code code="11369-6" codeSystem="2.16.840.1.113883.6.1"/>
					<title>Immunizations</title>
					<text>

			<table>
				<thead>
					<tr>
						<th>Group Description</th>
						<th>Code System</th>
						<th>Code</th>
						<th>Code Description</th>
						<th>Date and Time</th>
						<th>Status</th>
					</tr>
				</thead>
				<tbody>
											<tr>
							<td>Influenza Vaccine</td>
							<td>CVX</td>
							<td>135</td>
							<td><content ID="Immunization1"/>Influenza, high dose seasonal</td>
							<td>11-22-2010 10:00:00</td>
							<td>Completed</td>
						</tr>
						<tr>
							<td>Pneumococcal Vaccine</td>
							<td>CVX</td>
							<td>100</td>
							<td><content ID="Immunization2"/>pneumococcal conjugate PCV 7</td>
							<td>11-22-2010 10:00:00</td>
							<td>Completed</td>
						</tr>
				</tbody>
			</table>					</text>
						<entry typeCode="DRIV">
							<substanceAdministration classCode="SBADM" moodCode="EVN" negationInd="false">
								<!-- Immunization activity template -->
								<templateId root="2.16.840.1.113883.10.20.22.4.52"/>
								<id root="e6f1ba43-c0ed-4b9b-9f12-f435d8ad8f92"/>
								<text>
									<reference value="#Immunization1"/>
								</text>
								<statusCode code="completed"/>
								<effectiveTime value="20101122100000"/>
								<routeCode code="C28161" codeSystem="2.16.840.1.113883.3.26.1.1"
									codeSystemName="NCI Thesaurus"
									displayName="Intramuscular injection"/>
								<consumable>
									<manufacturedProduct classCode="MANU">
										<!-- Product template -->
										<templateId root="2.16.840.1.113883.10.20.22.4.54"/>
										<manufacturedMaterial>
											<code code="135" codeSystem="2.16.840.1.113883.12.292"
												displayName="Influenza, high dose seasonal"
												codeSystemName="CVX">
												<originalText>
													Influenza Vaccine + Influenza Vaccine
													<reference value="#Immunization1"/>
												</originalText>
											</code>
										</manufacturedMaterial>
									</manufacturedProduct>
								</consumable>
								<performer>
                                	<assignedEntity>
                                    	<id root="2.16.840.1.113883.4.6" extension="999999943252"/>
                                    	<addr>
                                        	<streetAddressLine>101 Maple Street</streetAddressLine>
                                        	<city>Washington</city>
                                        	<state>DC</state>
                                        	<postalCode>20009</postalCode>
                                        	<country>United States</country>
                                    	</addr>
	                                    <telecom value="888-888-0000"/>
	                                    <assignedPerson>
	                                        <name>
	                                            <given>Jim</given>
	                                            <family>Smith</family>
	                                        </name>
	                                    </assignedPerson>
	                                    <representedOrganization>
	                                        <id root="2.16.840.1.113883.19.5"
	                                            extension="2981824"/>
	                                        <name>Good Hospital</name>
	                                        <telecom use="WP" value="888-888-0000"/>
	                                        <addr>
	                           	            <streetAddressLine>101 Maple Street</streetAddressLine>
	                                 	      <city>Washington</city>
	                                 	      <state>DC</state>
	                                        <postalCode>20009</postalCode>
	                                     	  <country>United States</country>
	                                        </addr>
	                                    </representedOrganization>
	                                </assignedEntity>
	                            </performer>
							</substanceAdministration>
						</entry>
						<entry typeCode="DRIV">
							<substanceAdministration classCode="SBADM" moodCode="EVN" negationInd="false">
								<!-- Immunization activity template -->
								<templateId root="2.16.840.1.113883.10.20.22.4.52"/>
								<id root="e6f1ba43-c0ed-4b9b-9f12-f435d8ad8f92"/>
								<text>
									<reference value="#Immunization2"/>
								</text>
								<statusCode code="completed"/>
								<effectiveTime value="20101122100000"/>
								<routeCode code="C28161" codeSystem="2.16.840.1.113883.3.26.1.1"
									codeSystemName="NCI Thesaurus"
									displayName="Intramuscular injection"/>
								<consumable>
									<manufacturedProduct classCode="MANU">
										<!-- Product template -->
										<templateId root="2.16.840.1.113883.10.20.22.4.54"/>
										<manufacturedMaterial>
											<code code="100" codeSystem="2.16.840.1.113883.12.292"
												displayName="pneumococcal conjugate PCV 7"
												codeSystemName="CVX">
												<originalText>
													Pneumococcal Vaccine + Pneumococcal Vaccine
													<reference value="#Immunization2"/>
												</originalText>
											</code>
										</manufacturedMaterial>
									</manufacturedProduct>
								</consumable>
								<performer>
                                	<assignedEntity>
                                    	<id root="2.16.840.1.113883.4.6" extension="999999943252"/>
                                    	<addr>
                                        	<streetAddressLine>101 Maple Street</streetAddressLine>
                                        	<city>Washington</city>
                                        	<state>DC</state>
                                        	<postalCode>20009</postalCode>
                                        	<country>United States</country>
                                    	</addr>
	                                    <telecom value="888-888-0000"/>
	                                    <assignedPerson>
	                                        <name>
	                                            <given>Jim</given>
	                                            <family>Smith</family>
	                                        </name>
	                                    </assignedPerson>
	                                    <representedOrganization>
	                                        <id root="2.16.840.1.113883.19.5"
	                                            extension="2981824"/>
	                                        <name>Good Hospital</name>
	                                        <telecom use="WP" value="888-888-0000"/>
	                                        <addr>
	                           	            <streetAddressLine>101 Maple Street</streetAddressLine>
	                                 	      <city>Washington</city>
	                                 	      <state>DC</state>
	                                        <postalCode>20009</postalCode>
	                                     	  <country>United States</country>
	                                        </addr>
	                                    </representedOrganization>
	                                </assignedEntity>
	                            </performer>
							</substanceAdministration>
						</entry>
				</section>
			</component>
			<!-- 
********************************************************
Medications section
********************************************************
-->
			<component>
				<section>
					<templateId root="2.16.840.1.113883.10.20.22.2.1.1"/>
					<!-- Medications section template -->
					<code code="10160-0" codeSystem="2.16.840.1.113883.6.1"
						codeSystemName="LOINC" displayName="History of Medication Use"/>
					<title>Medications</title>
					<text>

			<table>
				<thead>
					<tr>
						<th>Group Description</th>
						<th>Code System</th>
						<th>Code</th>
						<th>Code Description</th>
						<th>Date and Time</th>
						<th>Status</th>
					</tr>
				</thead>
				<tbody>
											<tr>
							<td>Tamoxifen or Aromatase Inhibitor Therapy</td>
							<td>RxNorm</td>
							<td>313195</td>
							<td><content ID="Medication1"/>Tamoxifen 20 MG Oral Tablet</td>
							<td>07-15-2010 10:00:00</td>
							<td>Active</td>
						</tr>
				</tbody>
			</table>					</text>
					<informant>
						<assignedEntity>
							<id extension="KP00017" root="2.16.840.1.113883.19.5"/>
							<representedOrganization>
								<id root="2.16.840.1.113883.4.6"/>
								<name>Community Health and Hospitals</name>
								<telecom use="WP" value="tel: 555-555-5000"/>
								<addr>
									<streetAddressLine>1001 Village Avenue</streetAddressLine>
									<city>Portland</city>
									<state>OR</state>
									<postalCode>99123</postalCode>
									<country>US</country>
								</addr>
							</representedOrganization>
						</assignedEntity>
					</informant>
						<entry typeCode="DRIV">
							<substanceAdministration classCode="SBADM" moodCode="EVN">
								<!-- Medication activity template -->
								<templateId root="2.16.840.1.113883.10.20.22.4.16"/>
								<id root="cdbd33f0-6cde-11db-9fe1-0800200c9a66"/>
								<text/>
								<statusCode code="completed"/>
								<effectiveTime xsi:type="IVL_TS">
									<low value="20100715100000"/>
									<high nullFlavor="UNK"/>
								</effectiveTime>
								<consumable>
									<manufacturedProduct classCode="MANU">
										<!-- Medication Information -->
										<templateId root="2.16.840.1.113883.10.20.22.4.23"/>
										<manufacturedMaterial>
											<code code="313195" codeSystem="2.16.840.1.113883.6.88"
												displayName="Tamoxifen 20 MG Oral Tablet"
												codeSystemName="RxNorm">
												<originalText>
													Tamoxifen or Aromatase Inhibitor Therapy + Tamoxifen 20 MG Oral Tablet
													<reference value="#Medication1"/>
												</originalText>
											</code>
											<name>Tamoxifen or Aromatase Inhibitor Therapy</name>
										</manufacturedMaterial>
									</manufacturedProduct>
								</consumable>
							</substanceAdministration>
						</entry>


				</section>
			</component>
			<!-- 
********************************************************
Problems section
********************************************************
-->
			<component>
				<section>
					<templateId root="2.16.840.1.113883.10.20.22.2.5.1"/>
					<!-- Problem section template -->
					<code code="11450-4" codeSystem="2.16.840.1.113883.6.1"
						codeSystemName="LOINC" displayName="PROBLEM LIST"/>
					<title>Problems</title>
					<text>

			<table>
				<thead>
					<tr>
						<th>Group Description</th>
						<th>Code System</th>
						<th>Code</th>
						<th>Code Description</th>
						<th>Date and Time</th>
						<th>Status</th>
					</tr>
				</thead>
				<tbody>
											<tr>
							<td>ischemic vascular disease</td>
							<td>SNOMED-CT</td>
							<td>52674009</td>
							<td><content ID="Problem1"/>Ischemia</td>
							<td>12-02-2009 10:00:00</td>
							<td>Active</td>
						</tr>
							<tr>
								<td/>
								<td>ICD-10-CM</td>
								<td>I24</td>
								<td>Other acute ischemic heart diseases</td>
								<td/>
								<td/>
							</tr>
							<tr>
								<td/>
								<td>ICD-9-CM</td>
								<td>411.89</td>
								<td>Other acute and subacute forms of ischemic heart disease, other</td>
								<td/>
								<td/>
							</tr>
						<tr>
							<td>Breast Cancer</td>
							<td>SNOMED-CT</td>
							<td>188161004</td>
							<td><content ID="Problem2"/>Malignant neoplasm of female breast NOS</td>
							<td>07-10-2010 10:00:00</td>
							<td>Active</td>
						</tr>
							<tr>
								<td/>
								<td>ICD-10-CM</td>
								<td>C50</td>
								<td>Malignant neoplasm of breast</td>
								<td/>
								<td/>
							</tr>
							<tr>
								<td/>
								<td>ICD-9-CM</td>
								<td>174.9</td>
								<td>Malignant neoplasm of breast (female), unspecified</td>
								<td/>
								<td/>
							</tr>
						<tr>
							<td>Breast Cancer ER or PR Positive</td>
							<td>SNOMED-CT</td>
							<td>417742002</td>
							<td><content ID="Problem3"/>Hormone receptor positive tumor</td>
							<td>07-10-2010 10:00:00</td>
							<td>Active</td>
						</tr>
						<tr>
							<td>Breast Cancer Stage IC-IIIC</td>
							<td>SNOMED-CT</td>
							<td>261653007</td>
							<td><content ID="Problem4"/>Tumor stage T2c</td>
							<td>07-10-2010 10:00:00</td>
							<td>Active</td>
						</tr>
				</tbody>
			</table>					</text>
						<entry typeCode="DRIV">
							<act classCode="ACT" moodCode="EVN">
								<!-- Problem act template -->
								<templateId root="2.16.840.1.113883.10.20.22.4.3"/>
								<id root="ec8a6ff8-ed4b-4f7e-82c3-e98e58b45de7"/>
								<code code="CONC" codeSystem="2.16.840.1.113883.5.6"
									codeSystemName="HL7ActClass" displayName="Concern"/>
								<statusCode code="active"/>
								<effectiveTime>
									<low value="20091202100000"/>
								</effectiveTime>
								<entryRelationship typeCode="SUBJ">
									<!-- Problem observation template -->
									<observation classCode="OBS" moodCode="EVN">
										<templateId root="2.16.840.1.113883.10.20.22.4.4"/>
										<id root="9d3d416d-45ab-4da1-912f-4583e0632000"/>
										<code code="282291009" codeSystem="2.16.840.1.113883.6.96" displayName="Diagnosis"/>
										<statusCode code="completed"/>
										<effectiveTime>
											<low value="20091202100000"/>
										</effectiveTime>
										<value xsi:type="CD" code="52674009" codeSystem="2.16.840.1.113883.6.96"
											displayName="Ischemia"
											codeSystemName="SNOMED-CT">
												<translation code="I24" codeSystem="2.16.840.1.113883.6.90"
													displayName="Other acute ischemic heart diseases" codeSystemName="ICD-10-CM"/>
												<translation code="411.89" codeSystem="2.16.840.1.113883.6.2"
													displayName="Other acute and subacute forms of ischemic heart disease, other" codeSystemName="ICD-9-CM"/>
										</value>
										<entryRelationship typeCode="REFR">
											<observation classCode="OBS" moodCode="EVN">
												<templateId root="2.16.840.1.113883.10.20.22.4.6"/>
												<code xsi:type="CE" code="33999-4" codeSystem="2.16.840.1.113883.6.1" codeSystemName="LOINC" displayName="Status"/>
												<text>
		                            				<reference value="#Problem1"/> 
		                            			</text>
												<statusCode code="completed"/>
												<value xsi:type="CD" code="55561003" displayName="Active" codeSystem="2.16.840.1.113883.6.96" codeSystemName=" SNOMED-CT"/>
											</observation>
										</entryRelationship>
									</observation>
								</entryRelationship>
							</act>
						</entry>
						<entry typeCode="DRIV">
							<act classCode="ACT" moodCode="EVN">
								<!-- Problem act template -->
								<templateId root="2.16.840.1.113883.10.20.22.4.3"/>
								<id root="ec8a6ff8-ed4b-4f7e-82c3-e98e58b45de7"/>
								<code code="CONC" codeSystem="2.16.840.1.113883.5.6"
									codeSystemName="HL7ActClass" displayName="Concern"/>
								<statusCode code="active"/>
								<effectiveTime>
									<low value="20100710100000"/>
								</effectiveTime>
								<entryRelationship typeCode="SUBJ">
									<!-- Problem observation template -->
									<observation classCode="OBS" moodCode="EVN">
										<templateId root="2.16.840.1.113883.10.20.22.4.4"/>
										<id root="9d3d416d-45ab-4da1-912f-4583e0632000"/>
										<code code="282291009" codeSystem="2.16.840.1.113883.6.96" displayName="Diagnosis"/>
										<statusCode code="completed"/>
										<effectiveTime>
											<low value="20100710100000"/>
										</effectiveTime>
										<value xsi:type="CD" code="188161004" codeSystem="2.16.840.1.113883.6.96"
											displayName="Malignant neoplasm of female breast NOS"
											codeSystemName="SNOMED-CT">
												<translation code="C50" codeSystem="2.16.840.1.113883.6.90"
													displayName="Malignant neoplasm of breast" codeSystemName="ICD-10-CM"/>
												<translation code="174.9" codeSystem="2.16.840.1.113883.6.2"
													displayName="Malignant neoplasm of breast (female), unspecified" codeSystemName="ICD-9-CM"/>
										</value>
										<entryRelationship typeCode="REFR">
											<observation classCode="OBS" moodCode="EVN">
												<templateId root="2.16.840.1.113883.10.20.22.4.6"/>
												<code xsi:type="CE" code="33999-4" codeSystem="2.16.840.1.113883.6.1" codeSystemName="LOINC" displayName="Status"/>
												<text>
		                            				<reference value="#Problem2"/> 
		                            			</text>
												<statusCode code="completed"/>
												<value xsi:type="CD" code="55561003" displayName="Active" codeSystem="2.16.840.1.113883.6.96" codeSystemName=" SNOMED-CT"/>
											</observation>
										</entryRelationship>
									</observation>
								</entryRelationship>
							</act>
						</entry>
						<entry typeCode="DRIV">
							<act classCode="ACT" moodCode="EVN">
								<!-- Problem act template -->
								<templateId root="2.16.840.1.113883.10.20.22.4.3"/>
								<id root="ec8a6ff8-ed4b-4f7e-82c3-e98e58b45de7"/>
								<code code="CONC" codeSystem="2.16.840.1.113883.5.6"
									codeSystemName="HL7ActClass" displayName="Concern"/>
								<statusCode code="active"/>
								<effectiveTime>
									<low value="20100710100000"/>
								</effectiveTime>
								<entryRelationship typeCode="SUBJ">
									<!-- Problem observation template -->
									<observation classCode="OBS" moodCode="EVN">
										<templateId root="2.16.840.1.113883.10.20.22.4.4"/>
										<id root="9d3d416d-45ab-4da1-912f-4583e0632000"/>
										<code code="282291009" codeSystem="2.16.840.1.113883.6.96" displayName="Diagnosis"/>
										<statusCode code="completed"/>
										<effectiveTime>
											<low value="20100710100000"/>
										</effectiveTime>
										<value xsi:type="CD" code="417742002" codeSystem="2.16.840.1.113883.6.96"
											displayName="Hormone receptor positive tumor"
											codeSystemName="SNOMED-CT">
										</value>
										<entryRelationship typeCode="REFR">
											<observation classCode="OBS" moodCode="EVN">
												<templateId root="2.16.840.1.113883.10.20.22.4.6"/>
												<code xsi:type="CE" code="33999-4" codeSystem="2.16.840.1.113883.6.1" codeSystemName="LOINC" displayName="Status"/>
												<text>
		                            				<reference value="#Problem3"/> 
		                            			</text>
												<statusCode code="completed"/>
												<value xsi:type="CD" code="55561003" displayName="Active" codeSystem="2.16.840.1.113883.6.96" codeSystemName=" SNOMED-CT"/>
											</observation>
										</entryRelationship>
									</observation>
								</entryRelationship>
							</act>
						</entry>
						<entry typeCode="DRIV">
							<act classCode="ACT" moodCode="EVN">
								<!-- Problem act template -->
								<templateId root="2.16.840.1.113883.10.20.22.4.3"/>
								<id root="ec8a6ff8-ed4b-4f7e-82c3-e98e58b45de7"/>
								<code code="CONC" codeSystem="2.16.840.1.113883.5.6"
									codeSystemName="HL7ActClass" displayName="Concern"/>
								<statusCode code="active"/>
								<effectiveTime>
									<low value="20100710100000"/>
								</effectiveTime>
								<entryRelationship typeCode="SUBJ">
									<!-- Problem observation template -->
									<observation classCode="OBS" moodCode="EVN">
										<templateId root="2.16.840.1.113883.10.20.22.4.4"/>
										<id root="9d3d416d-45ab-4da1-912f-4583e0632000"/>
										<code code="282291009" codeSystem="2.16.840.1.113883.6.96" displayName="Diagnosis"/>
										<statusCode code="completed"/>
										<effectiveTime>
											<low value="20100710100000"/>
										</effectiveTime>
										<value xsi:type="CD" code="261653007" codeSystem="2.16.840.1.113883.6.96"
											displayName="Tumor stage T2c"
											codeSystemName="SNOMED-CT">
										</value>
										<entryRelationship typeCode="REFR">
											<observation classCode="OBS" moodCode="EVN">
												<templateId root="2.16.840.1.113883.10.20.22.4.6"/>
												<code xsi:type="CE" code="33999-4" codeSystem="2.16.840.1.113883.6.1" codeSystemName="LOINC" displayName="Status"/>
												<text>
		                            				<reference value="#Problem4"/> 
		                            			</text>
												<statusCode code="completed"/>
												<value xsi:type="CD" code="55561003" displayName="Active" codeSystem="2.16.840.1.113883.6.96" codeSystemName=" SNOMED-CT"/>
											</observation>
										</entryRelationship>
									</observation>
								</entryRelationship>
							</act>
						</entry>
				</section>
			</component>
			<!-- 
********************************************************
Procedures section
********************************************************
-->
			<component>
				<section>
					<!-- conforms to Procedures section with entries optional -->
					<templateId root="2.16.840.1.113883.10.20.22.2.7"/>
					<!-- Procedures section with entries required -->				
					<templateId root="2.16.840.1.113883.10.20.22.2.7.1"/>
					<code code="47519-4" codeSystem="2.16.840.1.113883.6.1"
						codeSystemName="LOINC" displayName="HISTORY OF PROCEDURES"/>
					<title>Procedures</title>
					<text>

			<table>
				<thead>
					<tr>
						<th>Group Description</th>
						<th>Code System</th>
						<th>Code</th>
						<th>Code Description</th>
						<th>Date and Time</th>
						<th>Status</th>
					</tr>
				</thead>
				<tbody>
											<tr>
							<td>Tobacco Use Cessation Counseling</td>
							<td>CPT</td>
							<td>99406</td>
							<td><content ID="Procedure1"/>Behav chng smoking 3-10 min</td>
							<td>12-05-2009 10:00:00</td>
							<td>Performed</td>
						</tr>
							<tr>
								<td/>
								<td>SNOMED-CT</td>
								<td>384742004</td>
								<td>Smoking cessation assistance</td>
								<td/>
								<td/>
							</tr>
						<tr>
							<td>Breast Cancer Screening</td>
							<td>CPT</td>
							<td>77057</td>
							<td><content ID="Procedure2"/>Mammogram, screening</td>
							<td>06-10-2010 10:00:00</td>
							<td>Performed</td>
						</tr>
							<tr>
								<td/>
								<td>HCPCS</td>
								<td>G0202</td>
								<td>Screeningmammographydigital</td>
								<td/>
								<td/>
							</tr>
							<tr>
								<td/>
								<td>ICD-10-CM</td>
								<td>Z12.31</td>
								<td>Encounter for screening mammogram for malignant neoplasm of breast</td>
								<td/>
								<td/>
							</tr>
							<tr>
								<td/>
								<td>ICD-9-CM</td>
								<td>V76.12</td>
								<td>Other screening mammogram</td>
								<td/>
								<td/>
							</tr>
							<tr>
								<td/>
								<td>SNOMED-CT</td>
								<td>24623002</td>
								<td>Screening mammography</td>
								<td/>
								<td/>
							</tr>
						<tr>
							<td>Counseling For Nutrition</td>
							<td>CPT</td>
							<td>97802</td>
							<td><content ID="Procedure3"/>Medical nutrition, indiv, in</td>
							<td>11-22-2010 10:00:00</td>
							<td>Performed</td>
						</tr>
							<tr>
								<td/>
								<td>HCPCS</td>
								<td>S9470</td>
								<td>Nutritional counseling, diet</td>
								<td/>
								<td/>
							</tr>
							<tr>
								<td/>
								<td>ICD-10-CM</td>
								<td>Z00.8</td>
								<td>Encounter for other general examination</td>
								<td/>
								<td/>
							</tr>
							<tr>
								<td/>
								<td>ICD-9-CM</td>
								<td>V65.3</td>
								<td>Dietary surveillance and counseling</td>
								<td/>
								<td/>
							</tr>
						<tr>
							<td>Counseling For Physical Activity</td>
							<td>HCPCS</td>
							<td>S9451</td>
							<td><content ID="Procedure4"/>Exercise class</td>
							<td>11-22-2010 10:00:00</td>
							<td>Performed</td>
						</tr>
							<tr>
								<td/>
								<td>ICD-10-CM</td>
								<td>Z71.3</td>
								<td>Dietary counseling and surveillance</td>
								<td/>
								<td/>
							</tr>
							<tr>
								<td/>
								<td>ICD-9-CM</td>
								<td>V65.41</td>
								<td>Exercise counseling</td>
								<td/>
								<td/>
							</tr>
				</tbody>
			</table>					</text>
						
						<entry typeCode="DRIV">
					    	<procedure classCode="ACT" moodCode="EVN">
								<!-- Procedure Activity Procedure Template-->
								<templateId root="2.16.840.1.113883.10.20.22.4.12"/>
								<id root="e401f340-7be2-11db-9fe1-0800200c9a66"/>
								<code xsi:type="CE" code="99406" codeSystem="2.16.840.1.113883.6.12"
									displayName="Behav chng smoking 3-10 min"
									codeSystemName="CPT">
									<originalText>
										Tobacco Use Cessation Counseling + Behav chng smoking 3-10 min
										<reference value="#Procedure1"/>
									</originalText>
										<translation code="384742004" codeSystem="2.16.840.1.113883.6.96"
											displayName="Smoking cessation assistance" codeSystemName="SNOMED-CT"/>
								</code>
								<statusCode code="completed"/>
								<effectiveTime value="20091205100000"/>
									<methodCode nullFlavor="UNK"/>
					    	</procedure>
					    </entry>
						
						<entry typeCode="DRIV">
					    	<procedure classCode="OBS" moodCode="EVN">
								<!-- Procedure Activity Procedure Template-->
								<templateId root="2.16.840.1.113883.10.20.22.4.13"/>
								<id root="e401f340-7be2-11db-9fe1-0800200c9a66"/>
								<code xsi:type="CE" code="77057" codeSystem="2.16.840.1.113883.6.12"
									displayName="Mammogram, screening"
									codeSystemName="CPT">
									<originalText>
										Breast Cancer Screening + Mammogram, screening
										<reference value="#Procedure2"/>
									</originalText>
										<translation code="G0202" codeSystem="2.16.840.1.113883.6.13"
											displayName="Screeningmammographydigital" codeSystemName="HCPCS"/>
										<translation code="Z12.31" codeSystem="2.16.840.1.113883.6.90"
											displayName="Encounter for screening mammogram for malignant neoplasm of breast" codeSystemName="ICD-10-CM"/>
										<translation code="V76.12" codeSystem="2.16.840.1.113883.6.2"
											displayName="Other screening mammogram" codeSystemName="ICD-9-CM"/>
										<translation code="24623002" codeSystem="2.16.840.1.113883.6.96"
											displayName="Screening mammography" codeSystemName="SNOMED-CT"/>
								</code>
								<statusCode code="completed"/>
								<effectiveTime value="20100610100000"/>
									<methodCode nullFlavor="UNK"/>
					    	</procedure>
					    </entry>
						
						<entry typeCode="DRIV">
					    	<procedure classCode="ACT" moodCode="EVN">
								<!-- Procedure Activity Procedure Template-->
								<templateId root="2.16.840.1.113883.10.20.22.4.12"/>
								<id root="e401f340-7be2-11db-9fe1-0800200c9a66"/>
								<code xsi:type="CE" code="97802" codeSystem="2.16.840.1.113883.6.12"
									displayName="Medical nutrition, indiv, in"
									codeSystemName="CPT">
									<originalText>
										Counseling For Nutrition + Medical nutrition, indiv, in
										<reference value="#Procedure3"/>
									</originalText>
										<translation code="S9470" codeSystem="2.16.840.1.113883.6.13"
											displayName="Nutritional counseling, diet" codeSystemName="HCPCS"/>
										<translation code="Z00.8" codeSystem="2.16.840.1.113883.6.90"
											displayName="Encounter for other general examination" codeSystemName="ICD-10-CM"/>
										<translation code="V65.3" codeSystem="2.16.840.1.113883.6.2"
											displayName="Dietary surveillance and counseling" codeSystemName="ICD-9-CM"/>
								</code>
								<statusCode code="completed"/>
								<effectiveTime value="20101122100000"/>
									<methodCode nullFlavor="UNK"/>
					    	</procedure>
					    </entry>
						
						<entry typeCode="DRIV">
					    	<procedure classCode="ACT" moodCode="EVN">
								<!-- Procedure Activity Procedure Template-->
								<templateId root="2.16.840.1.113883.10.20.22.4.12"/>
								<id root="e401f340-7be2-11db-9fe1-0800200c9a66"/>
								<code xsi:type="CE" code="S9451" codeSystem="2.16.840.1.113883.6.13"
									displayName="Exercise class"
									codeSystemName="HCPCS">
									<originalText>
										Counseling For Physical Activity + Exercise class
										<reference value="#Procedure4"/>
									</originalText>
										<translation code="Z71.3" codeSystem="2.16.840.1.113883.6.90"
											displayName="Dietary counseling and surveillance" codeSystemName="ICD-10-CM"/>
										<translation code="V65.41" codeSystem="2.16.840.1.113883.6.2"
											displayName="Exercise counseling" codeSystemName="ICD-9-CM"/>
								</code>
								<statusCode code="completed"/>
								<effectiveTime value="20101122100000"/>
									<methodCode nullFlavor="UNK"/>
					    	</procedure>
					    </entry>
				</section>
			</component>
			<!-- 
********************************************************
Results section
********************************************************

Note:  In EMERGE DB, all results are laboratory test results that are assigned to a specific Lab Category.
	For example, HDL, LDL, Total Ch and Triglycerides are all grouped under Lipid Panel.
Each lab test is associated with one, and only one, LabCategory.
Lab tests can further be organized as "BATTERY" or "CLUSTERS" aka. classCode (CONF:7121, C-CDA IG page 503).
	For example, HDL, LDL, Total Ch and Triglycerides are BATTERY of Lab Category "Lipid Panels" because these tests
	are executed together,  whereas HIV and Chlamydia tests are CLUSTERS since these tests need not be executed
	together but are categorized under same lab category ("Microbiology") and may be reported on same Lab Report.

The following list shows ALL Laboratory tests available in EMERGE db and how they correspond to Labcategories,
and whether such tests are considered CLUSTER or BATTERY in EMERGE db:

TEST	LabCATEGORY classCode
HbA1c test	Blood Chemistry CLUSTER
Prostate Specific Antigen Test	Blood Chemistry CLUSTER
Pap Test	Cytology	CLUSTER
FOBT	FOBT CLUSTER
High Density Lipoprotein (HDL)	Lipid Panel  	BATTERY
Low Density Lipoprotein (LDL)	Lipid Panel BATTERY
Total Cholesterol	Lipid Panel BATTERY
Triglycerides	Lipid Panel BATTERY
Chlamydia Screening	Microbiology CLUSTER
Group A Streptococcus Test	Microbiology CLUSTER
Gleason Score	Pathology CLUSTER
Gleason Score <=6	Pathology CLUSTER
HIV Screening	Serology CLUSTER
Pregnancy Test	Serology CLUSTER
Rh Status Baby	Serology CLUSTER
Rh Status Mother	Serology CLUSTER
Urine Macroalbumin	Urinalysis CLUSTER

Note that laboratories may sometimes differ in terms of what they consider BATTERY as opposed to CLUSTER for soem tests;
 depending on method that is used to execute such lab tests.

The <entry> tags for Results section (further below after narrative <text> tags) are organized based on the following rule:
(1) All tests belonging to the same Lab Category are grouped as <components> under one <entry> having one <organizer>.
	For example, HDL LDL, Total Ch and TG are declared as 4 <components> belonging to one <entry>, having one <organizer>
(2) In cases where patient has two lipid panels performed on two different dates, such case will result in two <entry> tags,
	each <entry> tag having one <organizer> and 4 <components>.

Note that C-CDA schema explicitly allows one, and only one, <organizer> per <entry> (CONF:7113, C-CDA IG page 288).

-->
			<component>
				<section>
					<!-- conforms to Results section with entries optional -->
					<templateId root="2.16.840.1.113883.10.20.22.2.3"/>
					<!-- Results section with entries required -->
					<templateId root="2.16.840.1.113883.10.20.22.2.3.1"/>
					<code code="30954-2" codeSystem="2.16.840.1.113883.6.1"
						codeSystemName="LOINC" displayName="Results"/>
					<title>Results</title>
					<text>

			<table>
				<thead>
					<tr>
						<th>Group Description</th>
						<th>Code System</th>
						<th>Code</th>
						<th>Code Description</th>
						<th>Value</th>
						<th>Unit</th>
						<th>Reference Range</th>
						<th>Date and Time</th>
						<th>Status</th>
					</tr>
				</thead>
				<tbody>
											<tr>
							<td>FOBT</td>
							<td>LOINC</td>
							<td>2335-8</td>
							<td><content ID="Result1"/>Hemoccult Stl Ql</td>
							<td>negative</td>
							<td></td>
							<td>NA</td>
							<td>05-22-2010 10:00:00</td>
							<td>Completed</td>
						</tr>
							<tr>
								<td/>
								<td>CPT</td>
								<td>82274</td>
								<td>Assay test for blood, fecal</td>
								<td/>
								<td/>
								<td/>
								<td/>
								<td/>
							</tr>
							<tr>
								<td/>
								<td>HCPCS</td>
								<td>G0328</td>
								<td>Fecal blood scrn immunoassay</td>
								<td/>
								<td/>
								<td/>
								<td/>
								<td/>
							</tr>
							<tr>
								<td/>
								<td>ICD-9-CM</td>
								<td>V76.51</td>
								<td>Special screening for malignant neoplasms of colon</td>
								<td/>
								<td/>
								<td/>
								<td/>
								<td/>
							</tr>
							<tr>
								<td/>
								<td>SNOMED-CT</td>
								<td>252156002</td>
								<td>Occult blood screening</td>
								<td/>
								<td/>
								<td/>
								<td/>
								<td/>
							</tr>
						<tr>
							<td>Pap Test</td>
							<td>LOINC</td>
							<td>10524-7</td>
							<td><content ID="Result2"/>Cyto Cervix</td>
							<td>normal</td>
							<td></td>
							<td>NA</td>
							<td>05-22-2010 10:00:00</td>
							<td>Completed</td>
						</tr>
							<tr>
								<td/>
								<td>CPT</td>
								<td>88174</td>
								<td>Cytopath, c/v auto, in fluid</td>
								<td/>
								<td/>
								<td/>
								<td/>
								<td/>
							</tr>
							<tr>
								<td/>
								<td>HCPCS</td>
								<td>G0147</td>
								<td>Scr c/v cyto, automated sys</td>
								<td/>
								<td/>
								<td/>
								<td/>
								<td/>
							</tr>
							<tr>
								<td/>
								<td>ICD-10-CM</td>
								<td>Z12.4</td>
								<td>Encounter for screening for malignant neoplasm of cervix</td>
								<td/>
								<td/>
								<td/>
								<td/>
								<td/>
							</tr>
							<tr>
								<td/>
								<td>ICD-9-CM</td>
								<td>V72.32</td>
								<td>Encounter for Papanicolaou cervical smear to confirm findings of recent normal smear following initial abnormal smear</td>
								<td/>
								<td/>
								<td/>
								<td/>
								<td/>
							</tr>
							<tr>
								<td/>
								<td>SNOMED-CT</td>
								<td>440623000</td>
								<td>Microscopic examination of cervical Papanicolaou smear</td>
								<td/>
								<td/>
								<td/>
								<td/>
								<td/>
							</tr>
				</tbody>
			</table>					</text>
						
							<entry typeCode="DRIV">
								<organizer classCode="CLUSTER" moodCode="EVN">
									<!-- ** Result organizer ** -->
									<templateId root="2.16.840.1.113883.10.20.22.4.1"/>
									<id root="7d5a02b0-67a4-11db-bd13-0800200c9a66"/>
									<code xsi:type="CE" code="167670005" displayName="FOBT"
										codeSystem="2.16.840.1.113883.6.96" codeSystemName="SNOMED-CT"/>
									<statusCode code="completed"/>
								<component>
									<observation classCode="OBS" moodCode="EVN">
										<!-- ** Result observation ** -->
										<templateId root="2.16.840.1.113883.10.20.22.4.2"/>
										<id root="107c2dc0-67a5-11db-bd13-0800200c9a66"/>
										<code xsi:type="CE" code="2335-8" displayName="Hemoccult Stl Ql"
											codeSystem="2.16.840.1.113883.6.1" codeSystemName="LOINC">
											<!-- ** Translations from LOINC to other coding systems (standard or local) ** -->
												<translation code="82274" codeSystem="2.16.840.1.113883.6.12"
													displayName="Assay test for blood, fecal" codeSystemName="CPT"/>
												<translation code="G0328" codeSystem="2.16.840.1.113883.6.13"
													displayName="Fecal blood scrn immunoassay" codeSystemName="HCPCS"/>
												<translation code="V76.51" codeSystem="2.16.840.1.113883.6.2"
													displayName="Special screening for malignant neoplasms of colon" codeSystemName="ICD-9-CM"/>
												<translation code="252156002" codeSystem="2.16.840.1.113883.6.96"
													displayName="Occult blood screening" codeSystemName="SNOMED-CT"/>
										</code>
										<statusCode code="completed"/>
										<effectiveTime value="20100522100000"/>
										<value xsi:type="CD" code="260385009" displayName="negative" codeSystem="2.16.840.1.113883.6.96" codeSystemName=" SNOMED-CT"/>
										<interpretationCode code="N" codeSystem="2.16.840.1.113883.5.83"/>
										<referenceRange>
											<observationRange>
												<text>NA</text>
											</observationRange>
										</referenceRange>
									</observation>
								</component>
								</organizer>
							</entry>
							<entry typeCode="DRIV">
							<organizer classCode="CLUSTER" moodCode="EVN">
								<!-- ** Result organizer ** -->
								<templateId root="2.16.840.1.113883.10.20.22.4.1"/>
								<id root="7d5a02b0-67a4-11db-bd13-0800200c9a66"/>
								<code xsi:type="CE" code="116147009" displayName="Cytology"
									codeSystem="2.16.840.1.113883.6.96" codeSystemName="SNOMED-CT"/>
								<statusCode code="completed"/>
								<component>
									<observation classCode="OBS" moodCode="EVN">
										<!-- ** Result observation ** -->
										<templateId root="2.16.840.1.113883.10.20.22.4.2"/>
										<id root="107c2dc0-67a5-11db-bd13-0800200c9a66"/>
										<code xsi:type="CE" code="10524-7" displayName="Cyto Cervix"
											codeSystem="2.16.840.1.113883.6.1" codeSystemName="LOINC">
											<!-- ** Translations from LOINC to other coding systems (standard or local) ** -->
												<translation code="88174" codeSystem="2.16.840.1.113883.6.12"
													displayName="Cytopath, c/v auto, in fluid" codeSystemName="CPT"/>
												<translation code="G0147" codeSystem="2.16.840.1.113883.6.13"
													displayName="Scr c/v cyto, automated sys" codeSystemName="HCPCS"/>
												<translation code="Z12.4" codeSystem="2.16.840.1.113883.6.90"
													displayName="Encounter for screening for malignant neoplasm of cervix" codeSystemName="ICD-10-CM"/>
												<translation code="V72.32" codeSystem="2.16.840.1.113883.6.2"
													displayName="Encounter for Papanicolaou cervical smear to confirm findings of recent normal smear following initial abnormal smear" codeSystemName="ICD-9-CM"/>
												<translation code="440623000" codeSystem="2.16.840.1.113883.6.96"
													displayName="Microscopic examination of cervical Papanicolaou smear" codeSystemName="SNOMED-CT"/>
										</code>
										<statusCode code="completed"/>
										<effectiveTime value="20100522100000"/>
										<value xsi:type="CD" code="17621005" displayName="normal" codeSystem="2.16.840.1.113883.6.96" codeSystemName=" SNOMED-CT"/>
										<interpretationCode code="N" codeSystem="2.16.840.1.113883.5.83"/>
										<referenceRange>
											<observationRange>
												<text>NA</text>
											</observationRange>
										</referenceRange>
									</observation>
								</component>
						</organizer>
					</entry>
				</section>
			</component>
			<!-- 
********************************************************
Social History section
********************************************************
-->
			<component>
				<section>
					<templateId root="2.16.840.1.113883.10.20.22.2.17"/>
					<!-- Social history section template -->
					<code code="29762-2" codeSystem="2.16.840.1.113883.6.1"
						codeSystemName="LOINC"
						displayName="Social History"/>
					<title>Social History</title>
					<text>

			<table>
				<thead>
					<tr>
						<th>Group Description</th>
						<th>Code System</th>
						<th>Code</th>
						<th>Code Description</th>
						<th>Date and Time</th>
						<th>Status</th>
					</tr>
				</thead>
				<tbody>
											<tr>
							<td>Tobacco Use</td>
							<td>SNOMED-CT</td>
							<td>266919005</td>
							<td><content ID="SocialHistory1"/>Never smoker (Never Smoked)</td>
							<td>12-02-2009 10:00:00</td>
							<td>Active</td>
						</tr>
							<tr>
								<td/>
								<td>SNOMED-CT</td>
								<td>449868002</td>
								<td>Current every day smoker</td>
								<td/>
								<td/>
							</tr>
				</tbody>
			</table>					</text>
						<entry typeCode="DRIV">
							<observation classCode="OBS" moodCode="EVN">
									<!-- ** Smoking status observation ** -->
									<templateId root="2.16.840.1.113883.10.20.22.4.78"/>
									<id extension="123456789" root="2.16.840.1.113883.19"/>
									<code code="ASSERTION" codeSystem="2.16.840.1.113883.5.4">
										<originalText>
											Tobacco Use + Never smoker (Never Smoked)
											<reference value="#SocialHistory1" />
										</originalText>
									</code>
									<statusCode code="completed"/>
									<effectiveTime>
										<low value="20091202100000"/>
									</effectiveTime>
								<value xsi:type="CD" code="266919005" codeSystem="2.16.840.1.113883.6.96"
									displayName="Never smoker (Never Smoked)" codeSystemName="SNOMED-CT">
										<translation code="449868002" codeSystem="2.16.840.1.113883.6.96"
											displayName="Current every day smoker" codeSystemName="SNOMED-CT"/>
								</value>
							</observation>
						</entry>
				</section>
			</component>
			<!-- 
********************************************************
Vital Signs section
********************************************************
-->
			<component>
				<section>
					<!-- conforms to Vital Signs section with entries optional -->
					<templateId root="2.16.840.1.113883.10.20.22.2.4"/>
					<!-- Vital Signs section with entries required -->
					<templateId root="2.16.840.1.113883.10.20.22.2.4.1"/>
					<code code="8716-3" codeSystem="2.16.840.1.113883.6.1"
						codeSystemName="LOINC" displayName="Vital Signs"/>
					<title>Vital Signs</title>
					<text>

			<table>
				<thead>
					<tr>
						<th>Group Description</th>
						<th>Code System</th>
						<th>Code</th>
						<th>Code Description</th>
						<th>Value</th>
						<th>Unit</th>
						<th>Date and Time</th>
						<th>Status</th>
					</tr>
				</thead>
				<tbody>
											<tr>
							<td>Diastolic Blood Pressure</td>
							<td>LOINC</td>
							<td>8462-4</td>
							<td><content ID="VitalSign1"/>BP Diastolic</td>
							<td>76</td>
							<td>mm[Hg]</td>
							<td>05-22-2010 10:00:00</td>
							<td>Finding</td>
						</tr>
						<tr>
							<td>Systolic Blood Pressure</td>
							<td>LOINC</td>
							<td>8480-6</td>
							<td><content ID="VitalSign2"/>BP Systolic</td>
							<td>128</td>
							<td>mm[Hg]</td>
							<td>05-22-2010 10:00:00</td>
							<td>Finding</td>
						</tr>
						<tr>
							<td>BMI</td>
							<td>LOINC</td>
							<td>39156-5</td>
							<td><content ID="VitalSign3"/>BMI</td>
							<td>25.8</td>
							<td>kg/m2</td>
							<td>09-06-2010 10:00:00</td>
							<td>Finding</td>
						</tr>
						<tr>
							<td>Diastolic Blood Pressure</td>
							<td>LOINC</td>
							<td>8462-4</td>
							<td><content ID="VitalSign4"/>BP Diastolic</td>
							<td>76</td>
							<td>mm[Hg]</td>
							<td>09-06-2010 10:00:00</td>
							<td>Finding</td>
						</tr>
						<tr>
							<td>Systolic Blood Pressure</td>
							<td>LOINC</td>
							<td>8480-6</td>
							<td><content ID="VitalSign5"/>BP Systolic</td>
							<td>126</td>
							<td>mm[Hg]</td>
							<td>09-06-2010 10:00:00</td>
							<td>Finding</td>
						</tr>
						<tr>
							<td>BMI</td>
							<td>LOINC</td>
							<td>39156-5</td>
							<td><content ID="VitalSign6"/>BMI</td>
							<td>24.9</td>
							<td>kg/m2</td>
							<td>11-22-2010 10:00:00</td>
							<td>Finding</td>
						</tr>
						<tr>
							<td>Diastolic Blood Pressure</td>
							<td>LOINC</td>
							<td>8462-4</td>
							<td><content ID="VitalSign7"/>BP Diastolic</td>
							<td>80</td>
							<td>mm[Hg]</td>
							<td>11-22-2010 10:00:00</td>
							<td>Finding</td>
						</tr>
						<tr>
							<td>Systolic Blood Pressure</td>
							<td>LOINC</td>
							<td>8480-6</td>
							<td><content ID="VitalSign8"/>BP Systolic</td>
							<td>130</td>
							<td>mm[Hg]</td>
							<td>11-22-2010 10:00:00</td>
							<td>Finding</td>
						</tr>
				</tbody>
			</table>					</text>
							<entry typeCode="DRIV">
								<organizer classCode="CLUSTER" moodCode="EVN">
									<!-- ** Vital signs organizer ** -->
									<templateId root="2.16.840.1.113883.10.20.22.4.26"/>
									<id root="c6f88320-67ad-11db-bd13-0800200c9a66"/>
									<code xsi:type="CD" code="46680005" codeSystem="2.16.840.1.113883.6.96"
									codeSystemName="SNOMED-CT" displayName="Vital signs"/>
									<statusCode code="completed"/>
									<effectiveTime value="20100522100000"/>
							<component>
								<observation classCode="OBS" moodCode="EVN">
									<!-- ** Vital sign observation ** -->
									<templateId root="2.16.840.1.113883.10.20.22.4.27"/>
									<id root="c6f88321-67ad-11db-bd13-0800200c9a66"/>
									<code xsi:type="CD" code="8462-4" codeSystem="2.16.840.1.113883.6.1"
													displayName="BP Diastolic"
													codeSystemName="LOINC"/>
									<text>
										<reference value="#vit1"/>
									</text>
									<statusCode code="completed"/>
									<effectiveTime value="20100522100000"/>
									<value xsi:type="PQ" value="76" unit="mm[Hg]"/>
								</observation>
							</component>
							<component>
								<observation classCode="OBS" moodCode="EVN">
									<!-- ** Vital sign observation ** -->
									<templateId root="2.16.840.1.113883.10.20.22.4.27"/>
									<id root="c6f88321-67ad-11db-bd13-0800200c9a66"/>
									<code xsi:type="CD" code="8480-6" codeSystem="2.16.840.1.113883.6.1"
													displayName="BP Systolic"
													codeSystemName="LOINC"/>
									<text>
										<reference value="#vit2"/>
									</text>
									<statusCode code="completed"/>
									<effectiveTime value="20100522100000"/>
									<value xsi:type="PQ" value="128" unit="mm[Hg]"/>
								</observation>
							</component>
								</organizer>
							</entry>
							<entry typeCode="DRIV">
								<organizer classCode="CLUSTER" moodCode="EVN">
									<!-- ** Vital signs organizer ** -->
									<templateId root="2.16.840.1.113883.10.20.22.4.26"/>
									<id root="c6f88320-67ad-11db-bd13-0800200c9a66"/>
									<code xsi:type="CD" code="46680005" codeSystem="2.16.840.1.113883.6.96"
									codeSystemName="SNOMED-CT" displayName="Vital signs"/>
									<statusCode code="completed"/>
									<effectiveTime value="20100906100000"/>
							<component>
								<observation classCode="OBS" moodCode="EVN">
									<!-- ** Vital sign observation ** -->
									<templateId root="2.16.840.1.113883.10.20.22.4.27"/>
									<id root="c6f88321-67ad-11db-bd13-0800200c9a66"/>
									<code xsi:type="CD" code="39156-5" codeSystem="2.16.840.1.113883.6.1"
													displayName="BMI"
													codeSystemName="LOINC"/>
									<text>
										<reference value="#vit3"/>
									</text>
									<statusCode code="completed"/>
									<effectiveTime value="20100906100000"/>
									<value xsi:type="PQ" value="25.8" unit="kg/m2"/>
								</observation>
							</component>
							<component>
								<observation classCode="OBS" moodCode="EVN">
									<!-- ** Vital sign observation ** -->
									<templateId root="2.16.840.1.113883.10.20.22.4.27"/>
									<id root="c6f88321-67ad-11db-bd13-0800200c9a66"/>
									<code xsi:type="CD" code="8462-4" codeSystem="2.16.840.1.113883.6.1"
													displayName="BP Diastolic"
													codeSystemName="LOINC"/>
									<text>
										<reference value="#vit4"/>
									</text>
									<statusCode code="completed"/>
									<effectiveTime value="20100906100000"/>
									<value xsi:type="PQ" value="76" unit="mm[Hg]"/>
								</observation>
							</component>
							<component>
								<observation classCode="OBS" moodCode="EVN">
									<!-- ** Vital sign observation ** -->
									<templateId root="2.16.840.1.113883.10.20.22.4.27"/>
									<id root="c6f88321-67ad-11db-bd13-0800200c9a66"/>
									<code xsi:type="CD" code="8480-6" codeSystem="2.16.840.1.113883.6.1"
													displayName="BP Systolic"
													codeSystemName="LOINC"/>
									<text>
										<reference value="#vit5"/>
									</text>
									<statusCode code="completed"/>
									<effectiveTime value="20100906100000"/>
									<value xsi:type="PQ" value="126" unit="mm[Hg]"/>
								</observation>
							</component>
								</organizer>
							</entry>
							<entry typeCode="DRIV">
								<organizer classCode="CLUSTER" moodCode="EVN">
									<!-- ** Vital signs organizer ** -->
									<templateId root="2.16.840.1.113883.10.20.22.4.26"/>
									<id root="c6f88320-67ad-11db-bd13-0800200c9a66"/>
									<code xsi:type="CD" code="46680005" codeSystem="2.16.840.1.113883.6.96"
									codeSystemName="SNOMED-CT" displayName="Vital signs"/>
									<statusCode code="completed"/>
									<effectiveTime value="20101122100000"/>
							<component>
								<observation classCode="OBS" moodCode="EVN">
									<!-- ** Vital sign observation ** -->
									<templateId root="2.16.840.1.113883.10.20.22.4.27"/>
									<id root="c6f88321-67ad-11db-bd13-0800200c9a66"/>
									<code xsi:type="CD" code="39156-5" codeSystem="2.16.840.1.113883.6.1"
													displayName="BMI"
													codeSystemName="LOINC"/>
									<text>
										<reference value="#vit6"/>
									</text>
									<statusCode code="completed"/>
									<effectiveTime value="20101122100000"/>
									<value xsi:type="PQ" value="24.9" unit="kg/m2"/>
								</observation>
							</component>
							<component>
								<observation classCode="OBS" moodCode="EVN">
									<!-- ** Vital sign observation ** -->
									<templateId root="2.16.840.1.113883.10.20.22.4.27"/>
									<id root="c6f88321-67ad-11db-bd13-0800200c9a66"/>
									<code xsi:type="CD" code="8462-4" codeSystem="2.16.840.1.113883.6.1"
													displayName="BP Diastolic"
													codeSystemName="LOINC"/>
									<text>
										<reference value="#vit7"/>
									</text>
									<statusCode code="completed"/>
									<effectiveTime value="20101122100000"/>
									<value xsi:type="PQ" value="80" unit="mm[Hg]"/>
								</observation>
							</component>
							<component>
								<observation classCode="OBS" moodCode="EVN">
									<!-- ** Vital sign observation ** -->
									<templateId root="2.16.840.1.113883.10.20.22.4.27"/>
									<id root="c6f88321-67ad-11db-bd13-0800200c9a66"/>
									<code xsi:type="CD" code="8480-6" codeSystem="2.16.840.1.113883.6.1"
													displayName="BP Systolic"
													codeSystemName="LOINC"/>
									<text>
										<reference value="#vit8"/>
									</text>
									<statusCode code="completed"/>
									<effectiveTime value="20101122100000"/>
									<value xsi:type="PQ" value="130" unit="mm[Hg]"/>
								</observation>
							</component>
						</organizer>
					</entry>
				</section>
			</component>
			<!-- 
************************************ 
PHYSICAL EXAMINATION 
************************************ 
-->
		</structuredBody>
	</component>
</ClinicalDocument>
